source,count,avg_monobit_dev,avg_runs_dev,avg_entropy_per_bit,avg_chi2,pass_rate_%,avg_health_score,avg_latency_ms,entropy_std,monobit_dev_std,runs_dev_std,health_p05,entropy_p05,fail_rate_%
quantum,2652,0.034158,4.35,0.994806,254.113731,75.6,83.02,9.33,0.006824,0.025053,3.26,64.0,0.982317,1.85
classical_fallback_low_score,48,0.034668,4.17,0.994859,250.378378,77.08,82.79,10.51,0.00648,0.024223,3.74,63.4,0.982317,2.08
hybrid_mix,1401,0.034512,4.37,0.994496,254.735695,75.8,82.8,8.74,0.007782,0.026637,3.38,61.0,0.978584,3.71
classical,1400,0.035469,4.42,0.994196,254.429091,75.21,82.36,0.15,0.008324,0.027309,3.39,60.0,0.978584,4.71
